ID;UserID;Address;Type;Status;CreatedAt
1;1;ул. Ленина, д. 10;Физическая охрана;DONE;2026-09-25T22:57:21.795888
2;1;ул. Пушкина, д. 5;Пультовая охрана;IN_PROGRESS;2026-09-25T22:57:21.795888
3;2;пр. Мира, д. 22;Физическая охрана;DONE;2026-09-25T22:57:21.795888
4;3;ул. Гагарина, д. 8;Пультовая охрана;NEW;2026-09-25T22:57:21.795888
5;4;ул. Советская, д. 15;Физическая охрана;CANCELLED;2026-09-25T22:57:21.795888
6;5;ул. Строителей, д. 3;Пультовая охрана;DONE;2026-09-25T22:57:21.795888
7;2;ул. Чехова, д. 12;Физическая охрана;NEW;2026-09-25T22:57:21.795888
8;3;ул. Лермонтова, д. 7;Пультовая охрана;IN_PROGRESS;2026-09-25T22:57:21.795888
9;4;ул. Толстого, д. 1;Физическая охрана;NEW;2026-09-25T22:57:21.795888
10;5;ул. Некрасова, д. 9;Пультовая охрана;DONE;2026-09-25T22:57:21.795888
